2026-06-01 06:24:20,394,logout,162
2026-06-01 07:32:47,531,click,129
2026-06-01 01:03:34,886,logout,63
2026-06-01 06:40:27,807,logout,159
2026-06-01 09:17:33,972,logout,145
2026-06-01 09:39:05,434,login,222
2026-06-01 03:32:15,884,view,88
2026-06-01 07:01:44,287,share,147
2026-06-01 04:01:43,462,login,51
2026-06-01 06:23:10,526,view,291
2026-06-01 02:44:51,609,edit,101
2026-06-01 04:37:56,84,view,18
2026-06-01 02:17:11,407,logout,223
2026-06-01 02:24:21,575,logout,130
2026-06-01 05:47:04,606,logout,3
2026-06-01 05:57:39,205,view,255
2026-06-01 03:27:14,942,share,161
2026-06-01 07:25:54,572,view,191
2026-06-01 01:12:02,583,login,86
2026-06-01 07:11:55,762,click,200
2026-06-01 09:25:33,787,edit,15
2026-06-01 05:31:54,260,edit,127
2026-06-01 01:06:15,702,login,233
2026-06-01 09:01:36,713,logout,166
2026-06-01 02:59:09,291,logout,133
2026-06-01 06:19:14,950,edit,159
2026-06-01 01:20:11,864,edit,187
2026-06-01 04:06:33,393,logout,102
2026-06-01 08:06:30,271,view,221
2026-06-01 05:08:16,817,share,217
2026-06-01 05:21:56,389,click,91
2026-06-01 00:59:05,562,view,167
2026-06-01 04:37:35,980,click,295
2026-06-01 06:56:24,107,login,172
2026-06-01 02:40:06,755,login,60
2026-06-01 02:27:02,162,edit,166
2026-06-01 06:44:12,411,logout,101
2026-06-01 04:41:03,509,click,47
2026-06-01 01:43:35,898,edit,82
2026-06-01 02:08:52,368,view,220
2026-06-01 04:58:26,34,view,203
2026-06-01 03:13:14,356,logout,150
2026-06-01 08:24:27,648,login,22
2026-06-01 08:27:21,652,click,141
2026-06-01 08:18:29,704,logout,175
2026-06-01 06:46:38,768,edit,43
2026-06-01 04:20:55,710,view,32
2026-06-01 04:40:10,220,view,64
2026-06-01 04:19:24,260,share,141
2026-06-01 06:26:41,480,share,285
2026-06-01 07:15:29,720,view,215
2026-06-01 09:18:04,151,share,87
2026-06-01 01:18:50,733,click,219
2026-06-01 04:04:07,659,login,68
2026-06-01 03:47:10,160,click,266
2026-06-01 08:57:07,837,view,78
2026-06-01 06:40:06,250,click,17
2026-06-01 08:50:13,895,logout,17
2026-06-01 09:49:38,627,view,176
2026-06-01 09:30:45,580,edit,240
2026-06-01 05:14:59,635,edit,273
2026-06-01 06:33:36,949,login,133
2026-06-01 03:23:30,832,click,200
2026-06-01 05:26:32,340,login,287
2026-06-01 01:29:45,381,share,262
2026-06-01 01:46:06,418,click,258
2026-06-01 03:06:45,879,click,265
2026-06-01 03:39:42,27,view,180
2026-06-01 06:54:01,793,edit,232
2026-06-01 05:11:47,806,login,155
2026-06-01 01:06:53,863,login,74
2026-06-01 01:56:14,784,view,292
2026-06-01 09:17:46,348,login,74
2026-06-01 03:03:48,800,view,200
2026-06-01 05:06:56,6,share,138
2026-06-01 03:40:13,515,login,291
2026-06-01 05:50:58,911,login,190
2026-06-01 08:16:22,567,logout,295
2026-06-01 07:42:13,404,edit,188
2026-06-01 05:22:55,394,login,167
2026-06-01 08:44:52,96,login,4
2026-06-01 02:23:10,730,click,139
2026-06-01 01:07:42,88,logout,207
2026-06-01 02:24:11,700,edit,40
2026-06-01 05:22:46,710,logout,26
2026-06-01 05:01:38,968,share,191
2026-06-01 01:11:46,696,view,70
2026-06-01 03:39:48,793,login,97
2026-06-01 09:31:57,120,login,63
2026-06-01 06:45:09,759,edit,151
2026-06-01 07:26:46,684,view,179
2026-06-01 00:58:23,943,login,165
2026-06-01 03:22:06,462,share,183
2026-06-01 02:02:54,680,edit,56
2026-06-01 08:50:21,459,view,139
2026-06-01 02:01:06,541,share,279
2026-06-01 06:49:34,237,logout,25
2026-06-01 04:07:13,144,click,187
2026-06-01 07:39:11,747,view,288
2026-06-01 08:44:34,467,login,185
